StockId,ModelId,SerialNumber,Identifier,LandedCost,ProductLifeCycleId,InvoiceStatusId,CustomerAccountId,StockInvoiceItem_StockInvoiceItemId
1,8,335170495117,187-42515,3790.38,1,1,NULL,NULL
2,9,427831756876,891-06620,1751.34,1,1,NULL,NULL
3,9,519141327467,594-72586,3556.70,1,1,NULL,NULL
4,7,768900436983,795-58687,4066.00,1,1,NULL,NULL
5,3,887280124401,614-35507,1662.52,1,1,NULL,NULL
6,7,727171753935,197-26469,1618.71,1,1,NULL,NULL
7,10,657496821967,628-61522,949.72,1,1,NULL,NULL
8,5,559711490775,615-02015,2344.71,1,1,NULL,NULL
9,11,154058678102,658-88232,1817.76,1,1,NULL,NULL
10,4,753005072572,692-09722,906.52,1,1,NULL,NULL
11,4,207216294739,038-15682,942.93,1,1,NULL,NULL
12,6,734605439449,355-83798,3431.68,1,1,NULL,NULL
13,7,869325980281,889-04389,4645.54,1,1,NULL,NULL
14,6,610227884188,973-59196,255.04,1,1,NULL,NULL
15,11,494938606448,242-58617,732.81,1,1,NULL,NULL
16,1,055452974744,508-10656,1504.93,1,1,NULL,NULL
17,10,175424728540,408-92242,2633.77,1,1,NULL,NULL
18,11,294170324781,130-04910,4876.81,1,1,NULL,NULL
19,8,212399261900,148-91801,3338.28,1,1,NULL,NULL
20,4,131863365687,406-39545,1497.99,1,1,NULL,NULL
21,9,822748638202,933-37013,359.46,1,1,NULL,NULL
22,10,915779176842,615-25991,1739.84,1,1,NULL,NULL
23,11,023615409932,751-19100,2203.55,1,1,NULL,NULL
24,1,166985214197,528-71574,3026.21,1,1,NULL,NULL
25,8,520146436567,084-92110,2348.16,1,1,NULL,NULL
26,6,803439432733,537-13634,308.47,1,1,NULL,NULL
27,11,572672425630,582-07501,4767.22,1,1,NULL,NULL
28,8,813462795116,393-02694,220.11,1,1,NULL,NULL
29,7,055748387267,842-02601,363.98,1,1,NULL,NULL
30,1,701196528051,343-99727,1304.77,1,1,NULL,NULL
31,3,809666151562,024-33037,3830.26,1,1,NULL,NULL
32,5,487028911298,334-80120,3179.72,1,1,NULL,NULL
33,4,231359096769,332-94908,1894.87,1,1,NULL,NULL
34,11,332271162999,432-07631,2930.31,1,1,NULL,NULL
35,8,952030942737,779-15040,1239.09,1,1,NULL,NULL
36,9,453017142357,628-33470,4510.29,1,1,NULL,NULL
37,1,773955610024,277-27646,23.93,1,1,NULL,NULL
38,5,173977696809,427-31236,4479.49,1,1,NULL,NULL
39,4,893238381952,076-08787,2624.19,1,1,NULL,NULL
40,11,686131441731,293-51482,3544.45,1,1,NULL,NULL
41,6,126564329474,569-88757,373.56,1,1,NULL,NULL
42,8,138268126726,678-50261,419.74,1,1,NULL,NULL
43,2,577776792033,650-50581,4379.54,1,1,NULL,NULL
44,4,106523665186,197-92019,1221.36,1,1,NULL,NULL
45,10,198853773781,046-65864,4078.17,1,1,NULL,NULL
46,9,828009060010,959-29783,4004.36,1,1,NULL,NULL
47,4,257576881743,488-88324,4553.97,1,1,NULL,NULL
48,6,090352225942,057-31647,3671.43,1,1,NULL,NULL
49,2,644246974312,568-05958,3249.95,1,1,NULL,NULL
50,3,645197081002,420-14897,3258.18,1,1,NULL,NULL
51,5,658974234730,613-20790,4686.32,1,1,NULL,NULL
52,8,465388219569,485-54019,2611.08,1,1,NULL,NULL
53,7,279381529557,632-86162,1592.15,1,1,NULL,NULL
54,6,754621518775,339-41529,886.27,1,1,NULL,NULL
55,3,353930418195,134-46033,79.52,1,1,NULL,NULL
56,10,753249165572,849-69650,2050.53,1,1,NULL,NULL
57,10,975717634437,592-08888,4547.79,1,1,NULL,NULL
58,9,456162422680,651-13240,530.49,1,1,NULL,NULL
59,10,694568814042,009-90495,1717.84,1,1,NULL,NULL
60,8,961043245175,089-20412,1354.04,1,1,NULL,NULL
61,7,328621202662,759-29819,1851.50,1,1,NULL,NULL
62,3,020255354496,306-66643,729.61,1,1,NULL,NULL
63,10,052348289215,494-41730,1980.72,1,1,NULL,NULL
64,10,040644557982,059-81598,512.99,1,1,NULL,NULL
65,1,815016962658,278-89164,2076.27,1,1,NULL,NULL
66,10,236055458208,901-10359,2763.21,1,1,NULL,NULL
67,2,174875610080,538-11841,1536.80,1,1,NULL,NULL
68,8,177596958798,410-00421,1715.22,1,1,NULL,NULL
69,10,277205809305,649-32254,4015.96,1,1,NULL,NULL
70,3,344937015532,897-11289,1222.53,1,1,NULL,NULL
71,11,023899012045,355-95090,1481.00,1,1,NULL,NULL
72,6,046503425226,678-59298,3154.28,1,1,NULL,NULL
73,8,617132779845,582-51925,2252.61,1,1,NULL,NULL
74,8,632603376041,702-73346,4793.84,1,1,NULL,NULL
75,9,000864716964,203-35589,1124.43,1,1,NULL,NULL
76,2,610944040833,688-42409,4939.72,1,1,NULL,NULL
77,9,508155586809,697-71111,2360.31,1,1,NULL,NULL
78,8,455557416088,688-31957,982.18,1,1,NULL,NULL
79,2,856780207462,902-16994,3948.05,1,1,NULL,NULL
80,10,886129422852,241-30374,3343.80,1,1,NULL,NULL
81,3,337938296429,564-61019,754.51,1,1,NULL,NULL
82,6,153712471755,222-69187,1095.78,1,1,NULL,NULL
83,6,236595159191,860-11584,1970.17,1,1,NULL,NULL
84,4,731548627326,241-06692,2105.81,1,1,NULL,NULL
85,8,950404012158,061-85955,1618.45,1,1,NULL,NULL
86,6,698180877596,176-93563,1219.18,1,1,NULL,NULL
87,10,771743360031,504-24598,1587.57,1,1,NULL,NULL
88,9,277545418406,264-76000,1008.60,1,1,NULL,NULL
89,9,845934334947,134-45936,2850.78,1,1,NULL,NULL
90,9,983608699208,117-77543,4188.56,1,1,NULL,NULL
91,11,306904168982,677-34174,4962.50,1,1,NULL,NULL
92,4,904418890556,676-39056,4493.45,1,1,NULL,NULL
93,6,792797803454,387-52922,2761.65,1,1,NULL,NULL
94,8,438100293562,115-92410,1270.14,1,1,NULL,NULL
95,4,795772326498,091-53416,1692.95,1,1,NULL,NULL
96,4,560283645451,736-61489,4643.96,1,1,NULL,NULL
97,10,986164088191,800-88455,3439.02,1,1,NULL,NULL
98,3,672565050258,791-86453,3866.55,1,1,NULL,NULL
99,3,204163266175,870-06998,4145.10,1,1,NULL,NULL
100,1,622178422342,385-48834,1314.95,1,1,NULL,NULL
101,7,663624085106,974-64678,2467.55,1,1,NULL,NULL
102,8,684250906450,018-10382,2838.74,1,1,NULL,NULL
103,7,942617749803,192-65273,4655.48,1,1,NULL,NULL
104,11,154160363494,648-23513,2027.42,1,1,NULL,NULL
105,3,825522944964,803-23022,1777.18,1,1,NULL,NULL
106,11,279477233844,153-26679,1532.03,1,1,NULL,NULL
107,1,193976230003,571-76832,358.46,1,1,NULL,NULL
108,10,443993230271,118-91803,1798.32,1,1,NULL,NULL
109,8,647853179560,077-36202,4761.85,1,1,NULL,NULL
110,2,365352270858,686-05561,139.80,1,1,NULL,NULL
111,2,957948633847,632-25437,4690.22,1,1,NULL,NULL
112,2,973849758398,619-51839,3565.61,1,1,NULL,NULL
113,7,085542393386,057-02763,1582.45,1,1,NULL,NULL
114,11,976851464952,474-82253,3374.04,1,1,NULL,NULL
115,6,594073388326,179-41277,599.53,1,1,NULL,NULL
116,2,597570118446,565-37854,755.71,1,1,NULL,NULL
117,8,352714284191,802-66494,3759.44,1,1,NULL,NULL
118,7,132138112865,540-21625,4874.92,1,1,NULL,NULL
119,3,215278140745,093-15432,3894.54,1,1,NULL,NULL
120,7,245354222744,200-37125,857.08,1,1,NULL,NULL
121,1,222364529330,337-37619,1175.64,1,1,NULL,NULL
122,4,904053145722,800-40118,528.20,1,1,NULL,NULL
123,10,576972997771,926-19485,3864.45,1,1,NULL,NULL
124,1,542713556325,065-52518,4827.40,1,1,NULL,NULL
125,4,397810918706,862-46351,1260.03,1,1,NULL,NULL
126,8,549137720563,848-68389,1987.55,1,1,NULL,NULL
127,11,284814969005,754-98915,392.62,1,1,NULL,NULL
128,11,911053806307,957-18058,982.47,1,1,NULL,NULL
129,5,386876064085,743-84756,3100.89,1,1,NULL,NULL
130,6,461077713038,462-30830,1480.48,1,1,NULL,NULL
131,4,672584103693,835-87691,1500.69,1,1,NULL,NULL
132,6,047399543950,914-84823,3493.77,1,1,NULL,NULL
133,6,188497314113,001-66919,1837.08,1,1,NULL,NULL
134,1,721504383415,159-13411,2633.09,1,1,NULL,NULL
135,4,294988672942,651-67265,876.24,1,1,NULL,NULL
136,6,681326628108,260-22457,2915.78,1,1,NULL,NULL
137,10,661723170297,032-10878,1440.31,1,1,NULL,NULL
138,7,346706423148,471-54228,4942.76,1,1,NULL,NULL
139,2,023275649374,708-53661,328.62,1,1,NULL,NULL
140,9,917962177110,084-56931,86.42,1,1,NULL,NULL
141,5,225883586402,338-07285,860.71,1,1,NULL,NULL
142,11,857589928452,856-22162,4789.26,1,1,NULL,NULL
143,2,287635446697,422-52044,1246.76,1,1,NULL,NULL
144,8,684829529485,347-29416,2710.97,1,1,NULL,NULL
145,7,521262842939,828-11757,4498.34,1,1,NULL,NULL
146,10,020021672469,418-35678,1396.89,1,1,NULL,NULL
147,8,525624945054,106-78024,2910.99,1,1,NULL,NULL
148,7,084717275800,034-91154,4387.62,1,1,NULL,NULL
149,2,035073086611,484-84392,670.61,1,1,NULL,NULL
150,3,378542812212,287-16337,937.23,1,1,NULL,NULL
151,7,374529285982,246-64338,884.51,1,1,NULL,NULL
152,3,569852796407,113-79116,3564.11,1,1,NULL,NULL
153,11,543986250531,213-49495,4972.02,1,1,NULL,NULL
154,7,142848635871,279-62069,3288.01,1,1,NULL,NULL
155,1,067295696939,413-96842,139.31,1,1,NULL,NULL
156,3,862021787092,948-25409,1939.35,1,1,NULL,NULL
157,10,885716564251,068-40444,3974.30,1,1,NULL,NULL
158,7,556710352352,828-58071,4828.08,1,1,NULL,NULL
159,8,520089102700,959-41865,767.38,1,1,NULL,NULL
160,6,587546417157,704-68323,4789.63,1,1,NULL,NULL
161,11,013412919139,307-12038,1139.41,1,1,NULL,NULL
162,1,973418381047,097-19670,4376.00,1,1,NULL,NULL
163,6,630896607503,085-21297,3697.44,1,1,NULL,NULL
164,2,826040437835,196-06900,3281.37,1,1,NULL,NULL
165,9,903082506945,742-62475,3639.11,1,1,NULL,NULL
166,8,715901270530,174-99891,1196.45,1,1,NULL,NULL
167,7,041660489621,713-84405,1728.52,1,1,NULL,NULL
168,7,447490929392,291-21038,3949.36,1,1,NULL,NULL
169,8,710120096999,867-65401,2497.79,1,1,NULL,NULL
170,11,527920153795,102-23475,2683.76,1,1,NULL,NULL
171,4,211760782784,739-95800,4315.40,1,1,NULL,NULL
172,1,845678351214,247-25968,3816.69,1,1,NULL,NULL
173,6,152667278782,064-66747,4546.30,1,1,NULL,NULL
174,6,065136127785,846-87981,3808.12,1,1,NULL,NULL
175,3,169163430185,863-72950,4996.38,1,1,NULL,NULL
176,1,681230411698,314-34742,1386.38,1,1,NULL,NULL
177,3,101063740609,102-16173,4281.45,1,1,NULL,NULL
178,2,331030334197,267-31952,1153.47,1,1,NULL,NULL
179,5,697087095893,919-71283,329.05,1,1,NULL,NULL
180,5,541900351074,665-39249,4863.15,1,1,NULL,NULL
181,1,396504747029,645-28784,4076.56,1,1,NULL,NULL
182,5,397995300908,141-78716,1005.01,1,1,NULL,NULL
183,9,972556774767,436-03034,311.86,1,1,NULL,NULL
184,3,222575646041,318-74866,2163.65,1,1,NULL,NULL
185,11,091199247756,128-00489,595.96,1,1,NULL,NULL
186,1,537832741412,335-26949,2936.59,1,1,NULL,NULL
187,6,915707554555,146-50424,3521.76,1,1,NULL,NULL
188,11,562341245688,988-08388,3549.07,1,1,NULL,NULL
189,11,550653932006,150-63231,2493.78,1,1,NULL,NULL
190,1,234199785073,292-54012,3936.90,1,1,NULL,NULL
191,8,391947721464,629-92474,3941.49,1,1,NULL,NULL
192,4,270328860900,541-71717,1612.24,1,1,NULL,NULL
193,11,233699930046,392-90627,4175.37,1,1,NULL,NULL
194,7,814078883446,753-24658,539.00,1,1,NULL,NULL
195,9,514112623734,038-40351,3947.02,1,1,NULL,NULL
196,4,760231287667,142-47649,1484.72,1,1,NULL,NULL
197,5,456097797992,405-17894,1091.82,1,1,NULL,NULL
198,11,853480935922,272-80463,2965.39,1,1,NULL,NULL
199,10,625018193164,183-91045,4071.87,1,1,NULL,NULL
200,11,741370574743,686-60200,3301.89,1,1,NULL,NULL
201,3,917197932907,534-27873,4668.37,1,1,NULL,NULL
202,2,052622722291,068-32955,3961.64,1,1,NULL,NULL
203,10,365080052758,187-27936,1889.82,1,1,NULL,NULL
204,2,871476485216,914-42901,2986.86,1,1,NULL,NULL
205,10,886848006479,025-01656,1621.83,1,1,NULL,NULL
206,6,044000077882,508-29972,2067.82,1,1,NULL,NULL
207,9,294266010531,858-13247,4017.82,1,1,NULL,NULL
208,6,904602481107,994-87811,1163.89,1,1,NULL,NULL
209,4,652118778754,427-10112,3291.64,1,1,NULL,NULL
210,11,077963253114,031-10486,3752.93,1,1,NULL,NULL
211,1,057919537769,229-85617,2657.90,1,1,NULL,NULL
212,8,554146359691,093-26662,2820.82,1,1,NULL,NULL
213,2,560943070974,449-16609,4499.02,1,1,NULL,NULL
214,3,783427520675,646-29281,904.24,1,1,NULL,NULL
215,6,670579698642,798-13643,713.06,1,1,NULL,NULL
216,7,496092604696,205-40210,134.39,1,1,NULL,NULL
217,3,847340816353,406-10905,4064.13,1,1,NULL,NULL
218,4,294683162392,661-13041,1533.78,1,1,NULL,NULL
219,3,323685546064,975-31431,2685.40,1,1,NULL,NULL
220,9,006999259434,682-00230,702.52,1,1,NULL,NULL
221,2,632329632224,045-09330,2674.70,1,1,NULL,NULL
222,7,284041248758,015-58169,3179.46,1,1,NULL,NULL
223,7,715757216393,654-48731,1455.58,1,1,NULL,NULL
224,8,254683507611,068-09804,3560.90,1,1,NULL,NULL
225,4,324753838413,914-80315,3742.27,1,1,NULL,NULL
226,1,837911580657,661-44817,2703.16,1,1,NULL,NULL
227,2,312875498944,009-40069,4641.33,1,1,NULL,NULL
228,10,093952373816,608-47182,4007.30,1,1,NULL,NULL
229,8,919910900099,154-14969,4861.11,1,1,NULL,NULL
230,10,823041057926,708-44595,3511.65,1,1,NULL,NULL
231,8,944677943775,249-49790,294.56,1,1,NULL,NULL
232,3,234765104280,152-52370,1316.05,1,1,NULL,NULL
233,3,175195657931,083-62734,2081.61,1,1,NULL,NULL
234,6,016497561125,014-84952,2027.17,1,1,NULL,NULL
235,3,344412721293,378-64441,194.77,1,1,NULL,NULL
236,10,895275488421,498-07066,114.92,1,1,NULL,NULL
237,6,335670218947,644-14070,4115.20,1,1,NULL,NULL
238,8,324303911936,207-98433,2325.01,1,1,NULL,NULL
239,4,357491604375,281-79734,541.81,1,1,NULL,NULL
240,5,013884684630,798-54987,3528.14,1,1,NULL,NULL
241,3,834538429238,715-23755,3918.78,1,1,NULL,NULL
242,11,343161477070,537-51345,2357.86,1,1,NULL,NULL
243,7,046145210861,660-75973,257.42,1,1,NULL,NULL
244,1,221478067946,614-95031,3740.85,1,1,NULL,NULL
245,11,581078307016,305-51781,1278.99,1,1,NULL,NULL
246,11,777467965374,251-63492,1120.66,1,1,NULL,NULL
247,2,014113978672,383-53886,2113.22,1,1,NULL,NULL
248,9,627290563521,937-49827,3271.13,1,1,NULL,NULL
249,2,452496927607,963-14434,4825.94,1,1,NULL,NULL
250,3,172416883242,177-91280,3812.62,1,1,NULL,NULL
251,1,387239209535,106-56025,2420.59,1,1,NULL,NULL
252,2,012832566294,410-37470,4558.04,1,1,NULL,NULL
253,9,292904228224,132-96542,279.99,1,1,NULL,NULL
254,2,817731816583,449-47901,3369.34,1,1,NULL,NULL
255,10,878848260884,660-12802,627.18,1,1,NULL,NULL
256,8,967410819820,135-95104,1488.91,1,1,NULL,NULL
257,7,496063817258,377-69485,2506.05,1,1,NULL,NULL
258,3,813456861629,640-33702,3328.92,1,1,NULL,NULL
259,10,106722472801,823-32213,4244.59,1,1,NULL,NULL
260,10,221128647842,784-87117,3918.68,1,1,NULL,NULL
261,5,837339314399,986-87326,2426.50,1,1,NULL,NULL
262,10,245946671642,785-28536,10.52,1,1,NULL,NULL
263,9,796076026049,789-63324,1302.79,1,1,NULL,NULL
264,6,274383459398,637-74051,4780.00,1,1,NULL,NULL
265,4,194078492947,398-00965,3458.37,1,1,NULL,NULL
266,9,641090163795,589-93235,1341.85,1,1,NULL,NULL
267,5,134265727306,213-83876,739.21,1,1,NULL,NULL
268,8,795729769887,807-28633,2471.85,1,1,NULL,NULL
269,11,677129933683,874-51453,709.46,1,1,NULL,NULL
270,7,393681786780,131-75949,598.14,1,1,NULL,NULL
271,1,773243642897,571-63779,1019.20,1,1,NULL,NULL
272,7,390543548873,449-55182,1739.12,1,1,NULL,NULL
273,11,095195043805,307-27177,991.96,1,1,NULL,NULL
274,10,404261250950,834-84800,4157.26,1,1,NULL,NULL
275,6,503410836951,972-15185,1783.74,1,1,NULL,NULL
276,2,916446643391,165-75933,316.84,1,1,NULL,NULL
277,1,360833463605,965-44841,2922.03,1,1,NULL,NULL
278,7,396932407937,813-38760,2714.73,1,1,NULL,NULL
279,8,553542074672,424-30331,2281.91,1,1,NULL,NULL
280,5,493993666810,943-01942,2621.61,1,1,NULL,NULL
281,10,255084809348,757-18382,589.93,1,1,NULL,NULL
282,4,987417000974,852-94027,1370.20,1,1,NULL,NULL
283,9,622777320440,966-89448,4181.36,1,1,NULL,NULL
284,6,216047855469,350-20756,1048.48,1,1,NULL,NULL
285,10,453544783821,087-66849,1091.05,1,1,NULL,NULL
286,6,487696229457,863-34625,736.52,1,1,NULL,NULL
287,6,251417770179,583-95796,1036.06,1,1,NULL,NULL
288,2,751724565827,374-33186,3712.27,1,1,NULL,NULL
289,7,207226514789,270-49941,1399.98,1,1,NULL,NULL
290,7,211436309703,626-47694,3705.87,1,1,NULL,NULL
291,4,195436430360,042-63793,2608.87,1,1,NULL,NULL
292,3,509132342266,817-50327,786.27,1,1,NULL,NULL
293,9,001821113371,757-36425,3080.42,1,1,NULL,NULL
294,6,197659266161,275-50089,1623.14,1,1,NULL,NULL
295,11,538840517795,520-66432,1101.64,1,1,NULL,NULL
296,4,587041649052,020-10386,3908.26,1,1,NULL,NULL
297,3,834538498166,273-45046,1055.06,1,1,NULL,NULL
298,2,261422539997,898-08821,477.43,1,1,NULL,NULL
299,8,666408627779,761-07529,282.48,1,1,NULL,NULL
300,3,759245024637,132-34751,4937.14,1,1,NULL,NULL
301,6,743768499703,918-94510,381.44,1,1,NULL,NULL
302,6,117896291391,968-35194,4641.38,1,1,NULL,NULL
303,9,901311354928,304-92660,2561.66,1,1,NULL,NULL
304,6,300143950194,513-73010,4227.79,1,1,NULL,NULL
305,2,764161518380,562-22548,2793.42,1,1,NULL,NULL
306,5,435518713481,640-70020,681.46,1,1,NULL,NULL
307,2,362340899413,201-37121,3566.07,1,1,NULL,NULL
308,10,287494941236,666-32593,1122.73,1,1,NULL,NULL
309,7,325877490682,363-80655,1585.60,1,1,NULL,NULL
310,8,077168190216,734-37869,310.34,1,1,NULL,NULL
311,8,097797756123,107-79457,3566.89,1,1,NULL,NULL
312,1,714122325557,365-44095,4791.32,1,1,NULL,NULL
313,7,120686866902,854-92940,1047.01,1,1,NULL,NULL
314,6,405895577408,577-96151,1622.97,1,1,NULL,NULL
315,11,696832412599,465-87328,3328.75,1,1,NULL,NULL
316,2,073025275471,255-05862,1056.30,1,1,NULL,NULL
317,2,115098840657,540-13001,829.16,1,1,NULL,NULL
318,4,591619506109,958-32271,254.31,1,1,NULL,NULL
319,7,955429501065,730-13415,3688.95,1,1,NULL,NULL
320,9,482882053906,347-84045,2721.84,1,1,NULL,NULL
321,3,077153707192,198-06880,305.79,1,1,NULL,NULL
322,3,087043005364,351-75393,2026.95,1,1,NULL,NULL
323,1,321841312453,618-03627,1071.86,1,1,NULL,NULL
324,5,929460192902,465-83214,2003.60,1,1,NULL,NULL
325,4,182857658734,940-53791,2989.27,1,1,NULL,NULL
326,10,493826154339,182-67972,232.93,1,1,NULL,NULL
327,10,172411918903,388-09500,3658.71,1,1,NULL,NULL
328,6,187843095883,775-41680,4368.83,1,1,NULL,NULL
329,11,140852003112,726-52729,3055.62,1,1,NULL,NULL
330,3,995287082017,216-71950,2875.48,1,1,NULL,NULL
331,11,410988376750,422-44012,4261.79,1,1,NULL,NULL
332,10,861344654962,872-58862,2444.59,1,1,NULL,NULL
333,10,891818684446,279-01513,2432.25,1,1,NULL,NULL
334,6,034004593651,156-64170,2344.77,1,1,NULL,NULL
335,10,257746046178,270-29968,2240.17,1,1,NULL,NULL
336,4,257233426963,519-35075,948.56,1,1,NULL,NULL
337,7,724843426580,635-79072,3808.54,1,1,NULL,NULL
338,4,124561898660,312-84807,4953.58,1,1,NULL,NULL
339,5,607368577648,941-39754,3255.07,1,1,NULL,NULL
340,5,092401011863,302-03646,409.58,1,1,NULL,NULL
341,5,185516011982,997-11707,2170.45,1,1,NULL,NULL
342,8,317665202713,962-63501,4913.33,1,1,NULL,NULL
343,7,146144078047,782-19349,2126.66,1,1,NULL,NULL
344,11,271122235275,804-77934,1089.64,1,1,NULL,NULL
345,11,305367485674,556-21783,138.98,1,1,NULL,NULL
346,4,267217763128,195-89494,2817.55,1,1,NULL,NULL
347,8,143576231365,488-98389,4739.26,1,1,NULL,NULL
348,4,247711080475,730-88122,1457.44,1,1,NULL,NULL
349,6,333264508873,714-06179,3294.39,1,1,NULL,NULL
350,9,360549415440,413-80395,45.34,1,1,NULL,NULL
351,3,867285233214,008-28443,3079.10,1,1,NULL,NULL
352,10,790684798973,964-66694,800.74,1,1,NULL,NULL
353,6,671260751270,323-13916,1788.49,1,1,NULL,NULL
354,10,965567793376,185-98819,2560.64,1,1,NULL,NULL
355,11,753227906595,797-31458,4631.35,1,1,NULL,NULL
356,3,214220484129,850-27599,3354.49,1,1,NULL,NULL
357,6,368454331318,062-05164,3569.51,1,1,NULL,NULL
358,4,628021461016,704-32975,558.06,1,1,NULL,NULL
359,3,724341885332,195-21238,1238.52,1,1,NULL,NULL
360,3,792627277845,666-74781,2560.49,1,1,NULL,NULL
361,7,794608024391,683-42430,2022.76,1,1,NULL,NULL
362,7,149779632514,266-09391,4197.25,1,1,NULL,NULL
363,10,893278505132,453-03303,3067.12,1,1,NULL,NULL
364,4,933417384424,964-37247,3710.12,1,1,NULL,NULL
365,9,321062137122,184-66082,1048.55,1,1,NULL,NULL
366,9,331952206213,173-10117,1122.29,1,1,NULL,NULL
367,2,726740413893,019-48069,2359.07,1,1,NULL,NULL
368,2,700601959652,136-30662,3702.25,1,1,NULL,NULL
369,7,382624058522,925-71242,4382.81,1,1,NULL,NULL
370,8,732510337039,369-50115,2380.18,1,1,NULL,NULL
371,7,484512135314,798-85035,2247.76,1,1,NULL,NULL
372,9,543820480312,685-82335,875.58,1,1,NULL,NULL
373,10,603262612914,180-08234,1999.25,1,1,NULL,NULL
374,3,736312442425,581-44147,3279.36,1,1,NULL,NULL
375,5,698180724677,511-86207,551.39,1,1,NULL,NULL
376,7,188367987141,252-66095,392.46,1,1,NULL,NULL
377,8,095186364839,989-42377,4900.30,1,1,NULL,NULL
378,1,458414817122,733-40318,4982.22,1,1,NULL,NULL
379,6,083716922396,801-01854,1864.61,1,1,NULL,NULL
380,11,867127638938,885-77222,171.71,1,1,NULL,NULL
381,2,418989341649,409-25680,493.67,1,1,NULL,NULL
382,6,672679938893,621-53779,2201.26,1,1,NULL,NULL
383,1,114429594275,604-76350,1074.43,1,1,NULL,NULL
384,2,162641691109,077-56324,3010.28,1,1,NULL,NULL
385,11,860121146248,533-78399,4796.39,1,1,NULL,NULL
386,1,121278994469,506-62062,3461.04,1,1,NULL,NULL
387,4,796049684942,356-77176,656.10,1,1,NULL,NULL
388,1,914669624392,269-12601,4871.61,1,1,NULL,NULL
389,6,532655176618,757-27216,2713.42,1,1,NULL,NULL
390,7,825372144715,318-64185,3885.68,1,1,NULL,NULL
391,10,010075033106,770-06339,2379.05,1,1,NULL,NULL
392,3,286800099212,243-40667,3250.48,1,1,NULL,NULL
393,2,211488331601,872-61768,3715.05,1,1,NULL,NULL
394,2,266260690679,012-09435,694.57,1,1,NULL,NULL
395,9,655627456947,533-10701,3386.82,1,1,NULL,NULL
396,10,820654448090,275-70629,2973.21,1,1,NULL,NULL
397,9,332067028661,865-76156,1846.20,1,1,NULL,NULL
398,3,104171863147,576-75674,3416.54,1,1,NULL,NULL
399,2,857430690747,854-49598,41.08,1,1,NULL,NULL
400,2,676395246005,060-43367,4016.69,1,1,NULL,NULL
401,2,547831318527,466-01466,458.48,1,1,NULL,NULL
402,7,885305661551,611-78296,1037.01,1,1,NULL,NULL
403,9,140725963282,748-68201,2074.64,1,1,NULL,NULL
404,10,267269024519,306-38260,914.21,1,1,NULL,NULL
405,3,172194688949,445-52846,2797.58,1,1,NULL,NULL
406,5,120682490034,027-88814,2203.51,1,1,NULL,NULL
407,1,306142403378,751-19288,3801.50,1,1,NULL,NULL
408,4,963397250257,868-00704,3509.13,1,1,NULL,NULL
409,6,443608411747,075-37131,2009.25,1,1,NULL,NULL
410,4,449201453873,989-73840,4238.88,1,1,NULL,NULL
411,7,697358644980,159-26462,3454.20,1,1,NULL,NULL
412,5,052068309849,932-53898,3587.29,1,1,NULL,NULL
413,9,638661124780,095-75043,3693.45,1,1,NULL,NULL
414,3,345886685385,529-40418,1066.80,1,1,NULL,NULL
415,2,474519148078,821-54975,2066.82,1,1,NULL,NULL
416,2,541260059111,840-09035,4821.51,1,1,NULL,NULL
417,6,210552172554,287-98613,3122.81,1,1,NULL,NULL
418,9,354092263233,551-31799,56.84,1,1,NULL,NULL
419,5,365198568753,739-86539,3913.74,1,1,NULL,NULL
420,8,507098146281,986-84578,2587.52,1,1,NULL,NULL
421,6,486901501928,272-90760,466.18,1,1,NULL,NULL
422,1,817361182769,048-22477,2487.46,1,1,NULL,NULL
423,7,690026809970,864-50671,988.82,1,1,NULL,NULL
424,1,103278153618,522-88905,497.13,1,1,NULL,NULL
425,9,802927694572,943-13926,1.13,1,1,NULL,NULL
426,4,855411961960,053-63760,3997.29,1,1,NULL,NULL
427,8,192439774553,080-59590,2160.54,1,1,NULL,NULL
428,8,974368950639,298-73500,1304.67,1,1,NULL,NULL
429,6,120428700295,439-45017,4892.54,1,1,NULL,NULL
430,6,390842052989,341-84641,2578.18,1,1,NULL,NULL
431,10,412079760110,818-32351,3546.26,1,1,NULL,NULL
432,5,763401791030,807-14303,1483.75,1,1,NULL,NULL
433,10,381221988457,770-97660,4941.14,1,1,NULL,NULL
434,5,416071383734,637-31757,2847.92,1,1,NULL,NULL
435,9,473784327373,344-00111,4713.24,1,1,NULL,NULL
436,7,977109875153,860-13582,4456.66,1,1,NULL,NULL
437,9,564602146048,248-75931,126.62,1,1,NULL,NULL
438,3,327491063521,345-78522,160.22,1,1,NULL,NULL
439,11,077566599379,537-36958,212.69,1,1,NULL,NULL
440,7,774404890329,611-41498,2592.87,1,1,NULL,NULL
441,11,474806545832,267-85908,4659.55,1,1,NULL,NULL
442,1,812217497846,317-30222,2146.97,1,1,NULL,NULL
443,7,953391576510,864-93046,2862.36,1,1,NULL,NULL
444,2,084870341600,994-37296,3474.55,1,1,NULL,NULL
445,11,002895398401,371-67060,431.48,1,1,NULL,NULL
446,5,506996201820,455-15800,3791.76,1,1,NULL,NULL
447,5,126559745216,446-36307,4557.03,1,1,NULL,NULL
448,11,570767610777,971-93910,2648.24,1,1,NULL,NULL
449,1,306473278868,307-54600,3627.76,1,1,NULL,NULL
450,8,062135936641,458-14164,3565.32,1,1,NULL,NULL
451,4,947997187074,845-39275,4850.41,1,1,NULL,NULL
452,11,704937405516,346-39585,1789.36,1,1,NULL,NULL
453,10,048295574022,524-58511,4502.81,1,1,NULL,NULL
454,6,230908857318,952-65674,2453.57,1,1,NULL,NULL
455,8,184143206851,694-98624,3550.50,1,1,NULL,NULL
456,2,006621848002,038-00649,2971.02,1,1,NULL,NULL
457,11,425044077814,025-89709,48.19,1,1,NULL,NULL
458,8,523640090184,430-14422,1577.50,1,1,NULL,NULL
459,1,642674942862,852-05288,913.07,1,1,NULL,NULL
460,10,302179782645,620-58757,3800.30,1,1,NULL,NULL
461,8,576688624456,456-57505,42.97,1,1,NULL,NULL
462,4,557900670891,502-22001,2496.82,1,1,NULL,NULL
463,9,104884735533,059-10799,3616.59,1,1,NULL,NULL
464,11,393945436358,882-96027,4431.08,1,1,NULL,NULL
465,6,641795062026,711-14259,692.61,1,1,NULL,NULL
466,3,736529522990,472-39742,1970.45,1,1,NULL,NULL
467,6,507540838423,212-43622,3646.16,1,1,NULL,NULL
468,5,917256174223,695-93771,845.53,1,1,NULL,NULL
469,5,664555285783,797-30685,1353.57,1,1,NULL,NULL
470,6,386526585281,925-89593,2610.16,1,1,NULL,NULL
471,5,385393743087,996-63963,4694.89,1,1,NULL,NULL
472,4,109469657238,839-27694,2962.58,1,1,NULL,NULL
473,10,378700077291,742-64232,4844.15,1,1,NULL,NULL
474,9,990848245623,647-29374,1320.87,1,1,NULL,NULL
475,9,046042868440,180-68827,2927.98,1,1,NULL,NULL
476,5,019672938960,244-10013,3319.22,1,1,NULL,NULL
477,6,722867381416,402-00944,4625.11,1,1,NULL,NULL
478,5,506410224218,684-91183,2514.27,1,1,NULL,NULL
479,1,094957480470,590-91989,65.64,1,1,NULL,NULL
480,4,402289815560,557-77102,1209.37,1,1,NULL,NULL
481,11,190039723209,376-71657,4440.26,1,1,NULL,NULL
482,9,745104577446,711-08757,4512.30,1,1,NULL,NULL
483,8,846068089217,052-18850,2676.91,1,1,NULL,NULL
484,10,482964093463,220-10116,1327.22,1,1,NULL,NULL
485,3,834984171993,890-06742,2727.78,1,1,NULL,NULL
486,10,240272361194,744-93327,1756.90,1,1,NULL,NULL
487,7,865466077629,199-92119,1980.94,1,1,NULL,NULL
488,5,215040375334,671-95230,2487.56,1,1,NULL,NULL
489,9,655904815492,419-98337,4297.42,1,1,NULL,NULL
490,8,625281186743,895-15869,1742.21,1,1,NULL,NULL
491,7,707821176974,437-90213,4408.47,1,1,NULL,NULL
492,1,569409099841,048-13644,3549.12,1,1,NULL,NULL
493,3,704386902177,244-05200,4247.16,1,1,NULL,NULL
494,1,953748265159,268-60806,1412.40,1,1,NULL,NULL
495,10,107909766741,242-91201,2549.90,1,1,NULL,NULL
496,8,963810875065,125-95333,2162.72,1,1,NULL,NULL
497,3,742763319208,307-28324,3530.38,1,1,NULL,NULL
498,7,876070207335,127-23563,3431.29,1,1,NULL,NULL
499,8,222676667405,147-92619,2781.93,1,1,NULL,NULL
500,9,245455980725,375-19947,3461.04,1,1,NULL,NULL
501,11,630052957899,489-74812,145.59,1,1,NULL,NULL
502,1,930917354155,595-85800,3711.50,1,1,NULL,NULL
503,7,327383251087,566-61517,1294.67,1,1,NULL,NULL
504,6,710703147751,281-20813,1017.60,1,1,NULL,NULL
505,3,725542365540,964-68149,3870.43,1,1,NULL,NULL
506,1,131545292400,191-64415,1887.83,1,1,NULL,NULL
507,2,002228253052,409-22504,1945.22,1,1,NULL,NULL
508,1,008744893984,396-51488,3181.94,1,1,NULL,NULL
509,8,434931257506,129-31028,4525.60,1,1,NULL,NULL
510,3,071400908095,057-93612,231.28,1,1,NULL,NULL
511,7,141717412927,498-28937,3345.91,1,1,NULL,NULL
512,7,925967667168,806-94106,2533.92,1,1,NULL,NULL
513,7,481998509392,288-14542,1511.85,1,1,NULL,NULL
514,8,892820515377,998-00065,4703.70,1,1,NULL,NULL
515,11,480903536100,335-48160,4360.04,1,1,NULL,NULL
516,11,483363407556,089-11304,530.68,1,1,NULL,NULL
517,8,240881920751,941-88251,4819.92,1,1,NULL,NULL
518,11,498469897874,627-80660,2289.37,1,1,NULL,NULL
519,8,831620205378,920-37431,1703.29,1,1,NULL,NULL
520,8,872933561727,762-87322,3935.72,1,1,NULL,NULL
521,7,343513639687,615-42349,4989.51,1,1,NULL,NULL
522,1,362309623822,533-43956,1158.60,1,1,NULL,NULL
523,8,094451323268,900-00230,1548.11,1,1,NULL,NULL
524,8,891205047326,954-48968,4611.37,1,1,NULL,NULL
525,11,105748610378,203-59848,3201.69,1,1,NULL,NULL
526,4,436357377539,134-91659,1145.76,1,1,NULL,NULL
527,2,696183851186,283-40473,3715.43,1,1,NULL,NULL
528,9,810060904222,794-67991,3431.75,1,1,NULL,NULL
529,10,827425213875,591-64718,3770.97,1,1,NULL,NULL
530,1,972038251191,638-26796,765.25,1,1,NULL,NULL
531,2,947678759562,994-06040,4788.84,1,1,NULL,NULL
532,11,903603075888,819-64331,1193.82,1,1,NULL,NULL
533,9,285869541913,831-60413,4732.35,1,1,NULL,NULL
534,4,975526177071,684-53713,1604.61,1,1,NULL,NULL
535,5,536676795340,047-63273,1063.78,1,1,NULL,NULL
536,10,475949140692,334-27624,728.75,1,1,NULL,NULL
537,3,896685292731,157-07864,3217.63,1,1,NULL,NULL
538,2,188066457532,519-30488,1659.31,1,1,NULL,NULL
539,7,612579918771,609-14938,2456.80,1,1,NULL,NULL
540,3,917434565492,786-71941,839.94,1,1,NULL,NULL
541,8,100582356865,029-79992,4811.69,1,1,NULL,NULL
542,6,851868364124,560-34384,3799.01,1,1,NULL,NULL
543,8,732226557671,126-92605,2961.96,1,1,NULL,NULL
544,6,183830609715,077-10328,4066.14,1,1,NULL,NULL
545,2,831981126869,538-07276,3396.30,1,1,NULL,NULL
546,1,056061874040,194-25028,1874.55,1,1,NULL,NULL
547,5,312547939943,659-08586,2037.26,1,1,NULL,NULL
548,6,014486582253,157-92411,4543.46,1,1,NULL,NULL
549,1,935603079511,995-96084,2052.36,1,1,NULL,NULL
550,11,448498439505,291-71086,2019.21,1,1,NULL,NULL
551,11,060095611114,637-13170,2342.81,1,1,NULL,NULL
552,3,357275670787,967-71285,1241.01,1,1,NULL,NULL
553,10,553693989678,646-41122,1727.99,1,1,NULL,NULL
554,11,551420496641,356-64299,3846.22,1,1,NULL,NULL
555,2,484219598410,032-12769,3471.53,1,1,NULL,NULL
556,10,204733213611,537-54359,3987.00,1,1,NULL,NULL
557,5,267041850948,503-08002,2163.39,1,1,NULL,NULL
558,10,564386679650,589-72870,1683.31,1,1,NULL,NULL
559,7,324329561498,455-86254,2815.91,1,1,NULL,NULL
560,11,195256501218,947-35637,2724.67,1,1,NULL,NULL
561,10,565571735565,397-63651,3172.40,1,1,NULL,NULL
562,5,885311846305,752-30781,3513.47,1,1,NULL,NULL
563,2,276934096354,782-43561,4410.97,1,1,NULL,NULL
564,8,735373218208,342-51961,3760.34,1,1,NULL,NULL
565,2,480109556045,809-69458,442.44,1,1,NULL,NULL
566,7,442754726464,078-63493,2152.08,1,1,NULL,NULL
567,9,066326672779,537-40450,2801.57,1,1,NULL,NULL
568,4,962663880844,117-00810,4907.25,1,1,NULL,NULL
569,4,281645492150,424-23717,3639.92,1,1,NULL,NULL
570,2,771653718958,143-68667,3631.28,1,1,NULL,NULL
571,8,645558381165,750-18673,2313.06,1,1,NULL,NULL
572,7,900294286873,692-23944,3160.60,1,1,NULL,NULL
573,5,537780291703,032-45368,4832.58,1,1,NULL,NULL
574,6,385736169539,251-96682,863.34,1,1,NULL,NULL
575,1,540655212847,982-15206,4124.04,1,1,NULL,NULL
576,2,547626875806,757-17312,1190.49,1,1,NULL,NULL
577,4,713236579098,292-60270,3196.64,1,1,NULL,NULL
578,2,416176578535,472-64288,2481.98,1,1,NULL,NULL
579,6,476772614813,781-61338,1215.06,1,1,NULL,NULL
580,11,671497397059,186-04804,1327.14,1,1,NULL,NULL
581,10,895399718862,475-74376,4108.51,1,1,NULL,NULL
582,8,582820267006,064-97816,4171.98,1,1,NULL,NULL
583,8,465114800858,247-04094,1379.39,1,1,NULL,NULL
584,11,974169752591,681-76996,1751.75,1,1,NULL,NULL
585,2,085691910772,777-87669,3422.45,1,1,NULL,NULL
586,11,980158230386,083-53798,3547.83,1,1,NULL,NULL
587,1,093665249016,222-27944,4465.84,1,1,NULL,NULL
588,10,752629144250,954-84648,886.13,1,1,NULL,NULL
589,2,267142204432,800-45254,3133.08,1,1,NULL,NULL
590,6,665722181346,952-66510,2076.79,1,1,NULL,NULL
591,6,581676489389,347-54569,3565.37,1,1,NULL,NULL
592,4,447930455428,060-40148,1534.31,1,1,NULL,NULL
593,6,903082075521,371-30312,3843.40,1,1,NULL,NULL
594,7,537344688954,669-26614,4732.14,1,1,NULL,NULL
595,4,108084972318,135-48483,2667.55,1,1,NULL,NULL
596,4,043503601802,010-78061,1298.21,1,1,NULL,NULL
597,4,410473870349,003-12780,4388.04,1,1,NULL,NULL
598,1,286582521433,327-56528,4201.63,1,1,NULL,NULL
599,5,462070001111,789-71998,3623.69,1,1,NULL,NULL
600,6,481402600176,985-51990,1244.22,1,1,NULL,NULL
601,3,293658294972,831-12463,4072.98,1,1,NULL,NULL
602,2,471394496707,874-77005,2130.02,1,1,NULL,NULL
603,2,182829348035,326-86941,903.53,1,1,NULL,NULL
604,11,716355373917,382-75239,3421.08,1,1,NULL,NULL
605,3,543372099536,314-27383,4706.16,1,1,NULL,NULL
606,5,780983955861,599-81803,4182.21,1,1,NULL,NULL
607,9,475479598431,368-17786,1408.44,1,1,NULL,NULL
608,5,456118989801,049-20653,864.64,1,1,NULL,NULL
609,11,077220429869,250-96965,4722.18,1,1,NULL,NULL
610,1,140096188004,419-58566,2281.04,1,1,NULL,NULL
611,6,218901278600,341-91838,790.35,1,1,NULL,NULL
612,3,077831581358,893-91888,4681.42,1,1,NULL,NULL
613,5,172895717786,414-00830,468.25,1,1,NULL,NULL
614,8,936162217940,806-41602,1488.77,1,1,NULL,NULL
615,1,190459527000,569-67050,3616.16,1,1,NULL,NULL
616,3,805949306536,810-61820,4000.43,1,1,NULL,NULL
617,8,069536265084,966-26742,2134.08,1,1,NULL,NULL
618,3,302391086864,626-90475,2659.21,1,1,NULL,NULL
619,7,765739947384,035-07752,337.89,1,1,NULL,NULL
620,2,906757205709,198-08778,1894.62,1,1,NULL,NULL
621,7,389300274336,407-42810,2686.25,1,1,NULL,NULL
622,11,618538056220,050-48871,1915.44,1,1,NULL,NULL
623,3,903944241335,483-57037,1774.16,1,1,NULL,NULL
624,9,824517325386,462-38918,1563.13,1,1,NULL,NULL
625,7,013851057699,461-40153,65.91,1,1,NULL,NULL
626,4,765019418883,740-14927,778.74,1,1,NULL,NULL
627,1,267687472371,690-60335,4317.21,1,1,NULL,NULL
628,9,191298116053,339-65811,100.44,1,1,NULL,NULL
629,2,016504188926,463-03141,3195.80,1,1,NULL,NULL
630,8,246334806755,811-44239,2825.82,1,1,NULL,NULL
631,10,504896380266,100-64050,1802.45,1,1,NULL,NULL
632,3,464558332592,059-66024,3995.02,1,1,NULL,NULL
633,9,325248270200,557-49853,3858.29,1,1,NULL,NULL
634,11,072999006810,217-39406,4970.85,1,1,NULL,NULL
635,8,927059334895,053-38056,2254.17,1,1,NULL,NULL
636,9,403147599273,521-85758,1978.48,1,1,NULL,NULL
637,6,893645052341,275-08900,3268.44,1,1,NULL,NULL
638,9,882838023431,875-98190,2958.32,1,1,NULL,NULL
639,8,817571225143,628-45296,2045.60,1,1,NULL,NULL
640,8,646089648686,830-65833,4240.25,1,1,NULL,NULL
641,2,072054264364,163-20782,2139.39,1,1,NULL,NULL
642,7,535992697540,335-30307,3601.20,1,1,NULL,NULL
643,10,472132315681,038-51573,1163.95,1,1,NULL,NULL
644,2,941055386025,234-04848,852.04,1,1,NULL,NULL
645,11,491666130520,721-85162,1286.43,1,1,NULL,NULL
646,3,728669898724,887-04071,3883.96,1,1,NULL,NULL
647,11,280688648816,642-88800,1066.06,1,1,NULL,NULL
648,10,116649124970,185-17364,2354.63,1,1,NULL,NULL
649,7,241410059018,018-17886,1115.97,1,1,NULL,NULL
650,1,348777543387,028-07633,3667.12,1,1,NULL,NULL
651,7,445633492933,550-51711,4164.14,1,1,NULL,NULL
652,2,147328115726,896-43696,1728.83,1,1,NULL,NULL
653,6,002842637509,549-15341,3863.73,1,1,NULL,NULL
654,3,596308225863,309-78111,1729.07,1,1,NULL,NULL
655,11,544351270751,791-45708,3557.97,1,1,NULL,NULL
656,4,694890581564,046-11564,2157.53,1,1,NULL,NULL
657,11,060377472381,300-36193,355.85,1,1,NULL,NULL
658,5,962887207997,249-63606,4340.41,1,1,NULL,NULL
659,4,302738474622,556-37511,3355.17,1,1,NULL,NULL
660,11,456046232433,595-01594,3927.42,1,1,NULL,NULL
661,4,924979597212,919-55326,4865.01,1,1,NULL,NULL
662,1,736770061471,295-61907,1308.00,1,1,NULL,NULL
663,3,983282466292,938-68639,2668.84,1,1,NULL,NULL
664,3,307703765917,062-32929,1896.36,1,1,NULL,NULL
665,3,315465424271,938-18906,478.58,1,1,NULL,NULL
666,4,540706099375,275-92682,1795.34,1,1,NULL,NULL
667,6,202973624493,243-30238,823.12,1,1,NULL,NULL
668,5,589989278775,427-39374,497.41,1,1,NULL,NULL
669,1,124841762115,325-14032,4234.60,1,1,NULL,NULL
670,4,021921080060,962-75350,1637.67,1,1,NULL,NULL
671,9,201205233849,277-64050,731.99,1,1,NULL,NULL
672,11,004296374417,588-69280,4175.77,1,1,NULL,NULL
673,6,194420196498,773-25753,613.61,1,1,NULL,NULL
674,10,606213614187,249-05068,1097.65,1,1,NULL,NULL
675,1,092615162325,028-70877,4755.24,1,1,NULL,NULL
676,1,885530136191,436-49273,4085.05,1,1,NULL,NULL
677,2,844411917490,995-95730,751.49,1,1,NULL,NULL
678,1,292421160328,534-25588,922.11,1,1,NULL,NULL
679,9,820678943859,826-16919,276.70,1,1,NULL,NULL
680,5,782222114036,865-29962,1181.95,1,1,NULL,NULL
681,5,334153423662,866-09948,4712.68,1,1,NULL,NULL
682,3,737748553082,307-83149,1962.57,1,1,NULL,NULL
683,3,543981033931,247-12148,3984.47,1,1,NULL,NULL
684,2,296299725049,253-29377,4528.69,1,1,NULL,NULL
685,1,232619437021,797-76126,3661.69,1,1,NULL,NULL
686,9,524974880266,248-38125,73.62,1,1,NULL,NULL
687,9,821548578906,221-38917,131.28,1,1,NULL,NULL
688,7,320790744475,500-12634,2129.22,1,1,NULL,NULL
689,1,914773158401,685-90160,1412.87,1,1,NULL,NULL
690,5,296982425280,979-15563,96.63,1,1,NULL,NULL
691,9,183870659263,891-29971,1622.62,1,1,NULL,NULL
692,2,760213137318,753-84017,3928.03,1,1,NULL,NULL
693,5,112306388136,091-60874,4603.16,1,1,NULL,NULL
694,9,781780853559,379-18454,3118.18,1,1,NULL,NULL
695,4,101199129524,631-67724,4375.24,1,1,NULL,NULL
696,1,857137777528,367-09150,831.38,1,1,NULL,NULL
697,4,008792674484,856-59748,932.36,1,1,NULL,NULL
698,7,026637393974,586-74019,4267.59,1,1,NULL,NULL
699,11,134451287759,048-91204,373.46,1,1,NULL,NULL
700,8,407016451430,615-15935,4491.09,1,1,NULL,NULL
701,9,104934437076,422-27424,3060.83,1,1,NULL,NULL
702,6,335909215004,349-23962,568.65,1,1,NULL,NULL
703,9,737367275642,682-34292,3120.03,1,1,NULL,NULL
704,3,013005737114,720-35986,4478.30,1,1,NULL,NULL
705,3,718511298973,834-92596,2935.12,1,1,NULL,NULL
706,8,984405903712,506-40726,4988.38,1,1,NULL,NULL
707,7,476739234926,436-09072,1115.22,1,1,NULL,NULL
708,8,113592449426,070-19135,2766.08,1,1,NULL,NULL
709,2,746151190834,639-90114,1973.84,1,1,NULL,NULL
710,10,618611859280,946-55871,4472.92,1,1,NULL,NULL
711,3,482372868740,130-74240,1406.03,1,1,NULL,NULL
712,10,395034919480,706-04234,4433.74,1,1,NULL,NULL
713,7,952028852517,243-93659,4063.71,1,1,NULL,NULL
714,11,118724864813,786-43856,2173.21,1,1,NULL,NULL
715,6,951301424177,217-91796,4214.75,1,1,NULL,NULL
716,2,868223758815,407-53562,2902.43,1,1,NULL,NULL
717,9,421300536852,636-01072,2323.53,1,1,NULL,NULL
718,2,094563397738,100-82944,3140.15,1,1,NULL,NULL
719,2,497222702003,603-97914,3234.68,1,1,NULL,NULL
720,5,087993737689,077-87351,404.95,1,1,NULL,NULL
721,6,257448145760,115-15886,1664.06,1,1,NULL,NULL
722,11,545479249191,087-11402,3693.91,1,1,NULL,NULL
723,5,640881538450,561-21800,4084.54,1,1,NULL,NULL
724,7,673936611601,000-62831,4137.96,1,1,NULL,NULL
725,6,204367999426,991-58350,15.05,1,1,NULL,NULL
726,8,698898526071,748-71947,1803.97,1,1,NULL,NULL
727,6,722730086066,441-72183,4572.61,1,1,NULL,NULL
728,9,789284581222,382-11871,2495.43,1,1,NULL,NULL
729,6,643897250498,493-51354,1722.41,1,1,NULL,NULL
730,11,366902186765,957-30901,3923.85,1,1,NULL,NULL
731,8,333001424337,223-55288,3152.69,1,1,NULL,NULL
732,6,636479445832,465-69923,1483.91,1,1,NULL,NULL
733,2,951051602251,955-87129,548.65,1,1,NULL,NULL
734,1,246196407372,403-00291,785.62,1,1,NULL,NULL
735,8,317334716521,771-15570,3121.13,1,1,NULL,NULL
736,10,874662580440,633-72170,4144.02,1,1,NULL,NULL
737,5,086871954986,839-83371,3842.54,1,1,NULL,NULL
738,11,941045489961,576-11285,4506.18,1,1,NULL,NULL
739,10,283293275437,261-98209,1593.56,1,1,NULL,NULL
740,4,262812560885,636-21172,3673.31,1,1,NULL,NULL
741,2,960699816024,665-07124,3958.41,1,1,NULL,NULL
742,1,537894316699,624-38456,2365.20,1,1,NULL,NULL
743,5,600774613366,618-57597,155.37,1,1,NULL,NULL
744,2,092751049059,193-21984,1939.95,1,1,NULL,NULL
745,3,198585613631,226-08673,3690.61,1,1,NULL,NULL
746,11,354862613208,891-07072,2188.88,1,1,NULL,NULL
747,7,467075608889,703-16274,4864.33,1,1,NULL,NULL
748,5,331933269370,973-21543,2429.94,1,1,NULL,NULL
749,3,824742416030,297-13341,3903.44,1,1,NULL,NULL
750,3,995041532818,433-46146,1472.80,1,1,NULL,NULL
751,4,613896993175,545-19303,3507.86,1,1,NULL,NULL
752,3,713955079389,098-74905,2792.21,1,1,NULL,NULL
753,6,688731824510,486-20045,1032.91,1,1,NULL,NULL
754,6,083675948031,251-16400,4968.51,1,1,NULL,NULL
755,2,647469442969,940-92027,2827.02,1,1,NULL,NULL
756,10,744099981447,680-54923,4366.93,1,1,NULL,NULL
757,2,782372241256,456-23999,1484.11,1,1,NULL,NULL
758,3,584137631651,687-60450,3982.08,1,1,NULL,NULL
759,9,051869906910,750-96200,4463.25,1,1,NULL,NULL
760,7,373092229129,779-11720,1131.15,1,1,NULL,NULL
761,2,691454091224,098-43274,415.76,1,1,NULL,NULL
762,9,887742263101,443-01570,3619.79,1,1,NULL,NULL
763,3,137914522128,281-72553,1043.67,1,1,NULL,NULL
764,3,704659565985,132-74025,3050.00,1,1,NULL,NULL
765,3,733747011626,006-08251,1320.23,1,1,NULL,NULL
766,8,854232202547,745-68602,4922.13,1,1,NULL,NULL
767,9,154667206571,634-14573,3885.09,1,1,NULL,NULL
768,6,911895415360,795-28865,3278.09,1,1,NULL,NULL
769,4,570013653099,052-14627,4052.08,1,1,NULL,NULL
770,7,725582878695,608-91424,70.72,1,1,NULL,NULL
771,8,426836899063,043-23786,4059.90,1,1,NULL,NULL
772,9,893389436099,244-38123,2817.35,1,1,NULL,NULL
773,3,035437972402,872-98509,1546.58,1,1,NULL,NULL
774,9,813135369186,824-63799,4561.37,1,1,NULL,NULL
775,3,246133211855,783-63196,1446.55,1,1,NULL,NULL
776,6,771044627970,128-88340,4298.87,1,1,NULL,NULL
777,6,534684087833,624-48836,3538.53,1,1,NULL,NULL
778,3,064482176585,119-61058,2144.59,1,1,NULL,NULL
779,5,153259848467,802-54600,447.35,1,1,NULL,NULL
780,7,592890072305,663-70756,2826.17,1,1,NULL,NULL
781,1,225584395384,933-68865,1939.64,1,1,NULL,NULL
782,2,866130980528,471-87423,2142.67,1,1,NULL,NULL
783,6,951912810004,898-84120,3592.00,1,1,NULL,NULL
784,3,466679910476,320-22053,249.60,1,1,NULL,NULL
785,8,587218850048,882-10276,415.98,1,1,NULL,NULL
786,5,332278110831,060-56743,360.48,1,1,NULL,NULL
787,1,646357549403,864-44983,450.99,1,1,NULL,NULL
788,7,911252623227,138-23911,580.15,1,1,NULL,NULL
789,11,293535866715,623-79806,2958.60,1,1,NULL,NULL
790,9,534464963061,574-14627,3754.21,1,1,NULL,NULL
791,9,667159626893,508-45071,2659.90,1,1,NULL,NULL
792,3,577101778998,136-34990,4860.47,1,1,NULL,NULL
793,3,180298280139,083-86499,42.93,1,1,NULL,NULL
794,3,822399495166,825-80176,462.41,1,1,NULL,NULL
795,3,015755242672,361-38029,3257.55,1,1,NULL,NULL
796,5,836540029289,300-33881,338.61,1,1,NULL,NULL
797,10,385009421693,446-29359,1321.52,1,1,NULL,NULL
798,3,894065180763,654-98828,2105.38,1,1,NULL,NULL
799,10,782661663851,648-01739,619.72,1,1,NULL,NULL
800,6,543761807382,303-93654,3768.49,1,1,NULL,NULL
801,2,465638531573,247-21711,3303.80,1,1,NULL,NULL
802,1,775417759915,791-91714,1586.24,1,1,NULL,NULL
803,2,674452971245,573-90000,3377.86,1,1,NULL,NULL
804,8,694018319232,540-59846,3832.72,1,1,NULL,NULL
805,6,829656385555,464-00327,2412.91,1,1,NULL,NULL
806,6,150150188061,361-57605,690.51,1,1,NULL,NULL
807,11,585499747819,685-93331,1245.62,1,1,NULL,NULL
808,8,480982472692,863-27733,1471.55,1,1,NULL,NULL
809,3,364446191057,025-38882,3521.95,1,1,NULL,NULL
810,8,971026594939,953-91390,3528.16,1,1,NULL,NULL
811,4,693756294251,432-37779,828.39,1,1,NULL,NULL
812,10,394497519412,944-57247,4339.53,1,1,NULL,NULL
813,9,701648526765,998-41003,3534.72,1,1,NULL,NULL
814,2,148218458543,835-77720,1637.07,1,1,NULL,NULL
815,6,129792770252,410-92913,4191.51,1,1,NULL,NULL
816,1,727561295431,400-83610,3273.10,1,1,NULL,NULL
817,4,220307765414,934-48902,27.79,1,1,NULL,NULL
818,11,734114708350,227-69350,794.07,1,1,NULL,NULL
819,6,892789940097,004-26824,2634.01,1,1,NULL,NULL
820,9,351709236102,851-28169,959.74,1,1,NULL,NULL
821,8,101730842319,672-32669,4471.13,1,1,NULL,NULL
822,2,216191099322,521-80427,3304.93,1,1,NULL,NULL
823,7,173291594363,755-23630,319.48,1,1,NULL,NULL
824,6,681705852873,983-67925,297.87,1,1,NULL,NULL
825,10,017092398398,843-34276,2410.82,1,1,NULL,NULL
826,6,600064984899,917-45628,4199.44,1,1,NULL,NULL
827,7,963128816804,624-89176,2774.41,1,1,NULL,NULL
828,1,040682056335,172-99036,1084.17,1,1,NULL,NULL
829,7,125501232808,853-46631,1303.82,1,1,NULL,NULL
830,10,680878253499,637-38762,1107.93,1,1,NULL,NULL
831,8,156878623599,606-75875,2977.34,1,1,NULL,NULL
832,4,000544935971,307-66300,1433.14,1,1,NULL,NULL
833,4,880477289058,212-98646,1524.87,1,1,NULL,NULL
834,10,958882761218,279-01439,1678.87,1,1,NULL,NULL
835,5,502434791372,964-87843,4522.37,1,1,NULL,NULL
836,1,638470112835,352-10881,353.40,1,1,NULL,NULL
837,11,737354413766,801-52076,3764.81,1,1,NULL,NULL
838,10,485720677686,627-57264,4759.28,1,1,NULL,NULL
839,9,977409605686,818-20696,2836.70,1,1,NULL,NULL
840,3,585647994307,091-18162,4725.48,1,1,NULL,NULL
841,6,553874692820,771-56198,4114.87,1,1,NULL,NULL
842,4,278926284175,502-52432,3979.45,1,1,NULL,NULL
843,5,909338876100,678-07410,2058.21,1,1,NULL,NULL
844,3,782703022486,890-59935,4430.44,1,1,NULL,NULL
845,6,976551683088,750-21573,2925.81,1,1,NULL,NULL
846,10,395418679428,642-94609,3320.38,1,1,NULL,NULL
847,5,075566169057,431-23493,1325.74,1,1,NULL,NULL
848,1,013964169583,782-26745,3405.86,1,1,NULL,NULL
849,8,766036702234,988-04011,1270.91,1,1,NULL,NULL
850,2,656361003128,323-97130,4984.45,1,1,NULL,NULL
851,2,016410856145,470-09075,310.82,1,1,NULL,NULL
852,11,481707884857,485-67702,527.45,1,1,NULL,NULL
853,8,878841296395,781-76210,4471.38,1,1,NULL,NULL
854,2,552660552052,346-36983,4659.98,1,1,NULL,NULL
855,9,972368194484,055-08284,4297.36,1,1,NULL,NULL
856,1,626022599675,608-93333,4998.88,1,1,NULL,NULL
857,6,782013959495,818-41030,1266.75,1,1,NULL,NULL
858,8,524008495951,749-86985,3079.99,1,1,NULL,NULL
859,10,814338137291,703-24787,1421.90,1,1,NULL,NULL
860,1,761996704674,673-46922,3213.47,1,1,NULL,NULL
861,11,165374693148,834-50633,2916.10,1,1,NULL,NULL
862,11,640332390466,749-91964,161.45,1,1,NULL,NULL
863,1,950606219700,050-66861,167.72,1,1,NULL,NULL
864,4,027174722142,052-10018,2414.01,1,1,NULL,NULL
865,1,932383057764,184-67435,550.82,1,1,NULL,NULL
866,1,207649455907,509-56978,4395.25,1,1,NULL,NULL
867,6,076561991839,101-66659,2814.65,1,1,NULL,NULL
868,10,967919692408,835-59794,1855.85,1,1,NULL,NULL
869,8,355284673700,100-07930,2114.71,1,1,NULL,NULL
870,6,834806862613,411-90543,3838.10,1,1,NULL,NULL
871,2,860350999787,800-89939,4508.30,1,1,NULL,NULL
872,5,470465367213,680-46880,268.51,1,1,NULL,NULL
873,3,596289177615,842-83562,2957.38,1,1,NULL,NULL
874,4,673535833133,894-30473,2908.54,1,1,NULL,NULL
875,4,190770759679,556-51644,1844.88,1,1,NULL,NULL
876,5,326731158996,014-61458,491.68,1,1,NULL,NULL
877,9,851585512972,699-30912,1246.72,1,1,NULL,NULL
878,4,845343880015,136-61943,889.05,1,1,NULL,NULL
879,1,736509361459,794-85745,2372.07,1,1,NULL,NULL
880,11,489493765778,877-65141,4090.44,1,1,NULL,NULL
881,1,727016452780,372-13673,2873.70,1,1,NULL,NULL
882,6,262139474315,664-84939,4368.56,1,1,NULL,NULL
883,4,024619401758,665-93412,4813.27,1,1,NULL,NULL
884,6,904591000035,913-60347,1319.37,1,1,NULL,NULL
885,9,806775285464,651-10093,797.10,1,1,NULL,NULL
886,9,168195447978,741-42817,2449.89,1,1,NULL,NULL
887,7,940102428082,157-44983,1961.77,1,1,NULL,NULL
888,3,171003369653,795-94838,1864.90,1,1,NULL,NULL
889,2,054283923701,904-68425,2381.51,1,1,NULL,NULL
890,5,820887647162,852-61938,4523.50,1,1,NULL,NULL
891,6,250828413983,982-40489,4086.66,1,1,NULL,NULL
892,4,203242621963,195-51637,684.82,1,1,NULL,NULL
893,1,607772775794,656-82252,3337.38,1,1,NULL,NULL
894,8,793406446000,362-68897,4623.23,1,1,NULL,NULL
895,4,251545477337,812-12012,1809.37,1,1,NULL,NULL
896,6,816284533720,360-45499,3953.41,1,1,NULL,NULL
897,4,257133879596,590-22308,3811.72,1,1,NULL,NULL
898,1,781603708182,502-47965,4644.20,1,1,NULL,NULL
899,3,137625323638,969-21420,3879.62,1,1,NULL,NULL
900,6,642161536298,056-49917,3530.56,1,1,NULL,NULL
901,4,010714780095,591-96289,505.72,1,1,NULL,NULL
902,6,110040020492,173-37047,4469.89,1,1,NULL,NULL
903,4,951421807880,788-20569,1291.15,1,1,NULL,NULL
904,3,357697326562,123-34574,2432.81,1,1,NULL,NULL
905,1,877309671998,953-76913,476.15,1,1,NULL,NULL
906,8,075674415268,282-88852,42.31,1,1,NULL,NULL
907,8,086453707034,142-49813,2570.07,1,1,NULL,NULL
908,5,015223034523,655-34436,1562.83,1,1,NULL,NULL
909,9,123824761283,294-52726,2815.09,1,1,NULL,NULL
910,5,424395106415,524-38047,3805.68,1,1,NULL,NULL
911,3,602749563226,356-53985,3752.15,1,1,NULL,NULL
912,3,883794787100,755-42230,377.69,1,1,NULL,NULL
913,7,811207198961,440-76445,707.91,1,1,NULL,NULL
914,11,235789950777,255-35702,2331.46,1,1,NULL,NULL
915,11,326491612128,449-45652,339.77,1,1,NULL,NULL
916,5,392278919966,584-96494,3547.55,1,1,NULL,NULL
917,8,972384866998,000-24684,348.19,1,1,NULL,NULL
918,7,824278531825,335-71284,3848.36,1,1,NULL,NULL
919,7,996048412681,214-41657,1616.91,1,1,NULL,NULL
920,4,970350221938,835-65903,3100.93,1,1,NULL,NULL
921,5,266927939524,202-19525,2433.48,1,1,NULL,NULL
922,4,532244922518,060-19702,949.75,1,1,NULL,NULL
923,9,809390429337,195-85153,4474.34,1,1,NULL,NULL
924,4,374739438550,528-42724,2591.22,1,1,NULL,NULL
925,1,083259518598,505-88193,4751.45,1,1,NULL,NULL
926,9,269046157986,017-96015,3823.47,1,1,NULL,NULL
927,5,366828054032,959-25812,1931.13,1,1,NULL,NULL
928,6,336688785933,957-57397,3334.16,1,1,NULL,NULL
929,1,632394546609,997-55382,1099.16,1,1,NULL,NULL
930,9,104706763605,810-35578,2891.47,1,1,NULL,NULL
931,1,151563032596,296-92482,1679.96,1,1,NULL,NULL
932,8,113910586379,697-76671,1602.53,1,1,NULL,NULL
933,1,910044831938,280-21878,2009.43,1,1,NULL,NULL
934,7,781139519519,251-25564,3841.51,1,1,NULL,NULL
935,7,082940791573,853-44491,3584.71,1,1,NULL,NULL
936,6,644774458074,858-89075,3403.81,1,1,NULL,NULL
937,2,498809011981,960-43382,3077.40,1,1,NULL,NULL
938,2,740472805118,823-46509,2380.45,1,1,NULL,NULL
939,6,538887663262,796-58440,843.21,1,1,NULL,NULL
940,1,748394438231,291-04439,754.79,1,1,NULL,NULL
941,1,443648841873,966-98501,4879.82,1,1,NULL,NULL
942,2,160864411411,099-08234,398.93,1,1,NULL,NULL
943,5,207246795576,681-02293,4049.81,1,1,NULL,NULL
944,8,594574088839,097-24706,3575.84,1,1,NULL,NULL
945,2,713832359793,264-63257,771.34,1,1,NULL,NULL
946,3,177695928790,592-58920,3708.96,1,1,NULL,NULL
947,8,340443920384,106-16439,4976.91,1,1,NULL,NULL
948,2,802039603460,040-10671,1005.92,1,1,NULL,NULL
949,8,684547536328,024-34761,4283.45,1,1,NULL,NULL
950,10,674324719491,464-50139,3261.83,1,1,NULL,NULL
951,10,975011579954,315-24343,3605.22,1,1,NULL,NULL
952,9,135119171213,247-61663,4963.37,1,1,NULL,NULL
953,5,266438846456,788-54209,3027.29,1,1,NULL,NULL
954,11,585394820895,513-88940,778.68,1,1,NULL,NULL
955,1,250810228561,446-74487,1097.08,1,1,NULL,NULL
956,1,006297334534,369-24866,4555.98,1,1,NULL,NULL
957,9,680856379287,506-37389,4995.55,1,1,NULL,NULL
958,1,436335361384,548-99558,3699.94,1,1,NULL,NULL
959,2,383518707162,086-00864,2681.37,1,1,NULL,NULL
960,3,355950650571,109-42541,1652.68,1,1,NULL,NULL
961,3,082218304418,981-23000,3111.19,1,1,NULL,NULL
962,3,777677133432,922-11880,4235.92,1,1,NULL,NULL
963,5,940458096623,086-28561,463.67,1,1,NULL,NULL
964,1,581392666637,867-46567,4923.63,1,1,NULL,NULL
965,4,435532030993,065-99809,2125.71,1,1,NULL,NULL
966,6,265895728110,996-42362,2149.62,1,1,NULL,NULL
967,3,546415054989,278-49012,3368.26,1,1,NULL,NULL
968,1,434359579230,894-60092,1866.41,1,1,NULL,NULL
969,4,440201718043,652-41338,3746.75,1,1,NULL,NULL
970,6,665109024932,180-81566,1935.96,1,1,NULL,NULL
971,4,104156031664,117-81626,470.14,1,1,NULL,NULL
972,6,292673148406,892-57446,2967.74,1,1,NULL,NULL
973,1,586090207289,658-17740,3005.14,1,1,NULL,NULL
974,6,052343002227,207-18889,862.12,1,1,NULL,NULL
975,4,231082396613,652-68434,3221.12,1,1,NULL,NULL
976,3,182377431366,921-79294,2034.55,1,1,NULL,NULL
977,10,315143423146,903-98034,1899.95,1,1,NULL,NULL
978,1,504638552079,079-80547,898.50,1,1,NULL,NULL
979,2,793799966571,617-13824,1819.87,1,1,NULL,NULL
980,10,345188883673,041-49052,1042.48,1,1,NULL,NULL
981,1,484478917844,703-55298,3846.57,1,1,NULL,NULL
982,4,605319821725,180-30729,925.21,1,1,NULL,NULL
983,9,974840852197,109-51281,4050.71,1,1,NULL,NULL
984,2,132595566961,277-28593,2837.33,1,1,NULL,NULL
985,11,817454153715,180-11859,4286.25,1,1,NULL,NULL
986,4,315100142243,036-86246,1716.59,1,1,NULL,NULL
987,4,652745218856,667-64719,3575.25,1,1,NULL,NULL
988,2,151863777885,908-77269,1230.75,1,1,NULL,NULL
989,6,102085919630,854-76670,2744.43,1,1,NULL,NULL
990,6,244747314068,599-96315,4028.74,1,1,NULL,NULL
991,9,579593878610,394-66845,3408.27,1,1,NULL,NULL
992,1,475403691331,113-69894,4377.47,1,1,NULL,NULL
993,1,366288741422,504-46563,4699.09,1,1,NULL,NULL
994,3,066809994673,597-20601,4190.53,1,1,NULL,NULL
995,10,234000739460,499-15783,2643.60,1,1,NULL,NULL
996,9,880410793796,180-70463,643.89,1,1,NULL,NULL
997,9,355916007921,854-98361,4935.27,1,1,NULL,NULL
998,5,485983686027,580-69506,4126.19,1,1,NULL,NULL
999,5,965068817298,436-09554,1450.13,1,1,NULL,NULL
1000,7,331678430772,483-16474,3621.73,1,1,NULL,NULL
